{"cameraMode":{"drawMode":0,"name":"Shaded","section":"Shading Mode"},"sceneLighting":true,"audioPlay":false,"sceneViewState":{"m_AlwaysRefresh":false,"showFog":true,"showSkybox":true,"showFlares":true,"showImageEffects":true,"showParticleSystems":true,"showVisualEffectGraphs":true,"m_FxEnabled":true},"in2DMode":false,"pivot":{"x":-0.04182237386703491,"y":1.8759788274765015,"z":0.5389743447303772},"rotation":{"x":0.051845334470272067,"y":-0.18761956691741944,"z":0.009917701594531536,"w":0.9808251261711121},"size":0.19071601331233979,"orthographic":false}