{"cameraMode":{"drawMode":0,"name":"Shaded","section":"Shading Mode"},"sceneLighting":false,"audioPlay":false,"sceneViewState":{"m_AlwaysRefresh":false,"showFog":true,"showSkybox":false,"showFlares":true,"showImageEffects":true,"showParticleSystems":true,"showVisualEffectGraphs":true,"m_FxEnabled":true},"in2DMode":false,"pivot":{"x":0.000001169741153717041,"y":0.19328629970550538,"z":0.06780038774013519},"rotation":{"x":0.05009358003735542,"y":0.7552799582481384,"z":-0.05812717229127884,"w":0.6508949995040894},"size":0.7128304243087769,"orthographic":false}