{"cameraMode":{"drawMode":0,"name":"Shaded","section":"Shading Mode"},"sceneLighting":false,"audioPlay":false,"sceneViewState":{"m_AlwaysRefresh":false,"showFog":true,"showSkybox":false,"showFlares":true,"showImageEffects":true,"showParticleSystems":true,"showVisualEffectGraphs":true,"m_FxEnabled":true},"in2DMode":false,"pivot":{"x":0.04985113441944122,"y":0.018676839768886567,"z":-8.381903171539307e-9},"rotation":{"x":0.051845334470272067,"y":-0.18761956691741944,"z":0.009917701594531536,"w":0.9808251261711121},"size":0.15930388867855073,"orthographic":false}